{
  "timestamp": "2025-10-29T00:15:47.180919800",
  "warehouseMap": {
    "entries": [
      {"id": "EntryGate-B", "x": 32, "y": 80},
      {"id": "EntryGate-C", "x": 56, "y": 96},
      {"id": "EntryGate-A", "x": 56, "y": 86},
      {"id": "EntryGate-D", "x": 22, "y": 91},
      {"id": "EntryGate-E", "x": 17, "y": 36}
    ],
    "exits": [
      {"id": "ExitGate-4", "x": 30, "y": 18},
      {"id": "ExitGate-2", "x": 16, "y": 54},
      {"id": "ExitGate-3", "x": 96, "y": 89},
      {"id": "ExitGate-1", "x": 8, "y": 51}
    ],
    "chargingStations": [
      {"id": "ChargeSlot-5", "x": 7, "y": 53},
      {"id": "ChargeSlot-6", "x": 76, "y": 68},
      {"id": "ChargeSlot-3", "x": 80, "y": 62},
      {"id": "ChargeSlot-4", "x": 47, "y": 0},
      {"id": "ChargeSlot-1", "x": 87, "y": 10},
      {"id": "ChargeSlot-2", "x": 32, "y": 67}
    ],
    "bins": [

    ]
  },
  "AGVs": [
    {"id": "L1", "type": "loader", "state": "low-battery", "battery": 19},
    {"id": "L2", "type": "loader", "state": "free", "battery": 21},
    {"id": "L3", "type": "loader", "state": "in-progress", "battery": 36},
    {"id": "L4", "type": "loader", "state": "in-progress", "battery": 75},
    {"id": "L5", "type": "loader", "state": "free", "battery": 59},
    {"id": "L6", "type": "loader", "state": "free", "battery": 69},
    {"id": "L7", "type": "loader", "state": "free", "battery": 77},
    {"id": "L8", "type": "loader", "state": "free", "battery": 60},
    {"id": "L9", "type": "loader", "state": "free", "battery": 81},
    {"id": "L10", "type": "loader", "state": "free", "battery": 79},
    {"id": "M1", "type": "mover", "state": "free", "battery": 28},
    {"id": "M2", "type": "mover", "state": "free", "battery": 46},
    {"id": "M3", "type": "mover", "state": "free", "battery": 66},
    {"id": "M4", "type": "mover", "state": "free", "battery": 62},
    {"id": "M5", "type": "mover", "state": "free", "battery": 60},
    {"id": "M6", "type": "mover", "state": "free", "battery": 62},
    {"id": "M7", "type": "mover", "state": "free", "battery": 60},
    {"id": "M8", "type": "mover", "state": "free", "battery": 60},
    {"id": "M9", "type": "mover", "state": "free", "battery": 60},
    {"id": "M10", "type": "mover", "state": "free", "battery": 67},
    {"id": "M11", "type": "mover", "state": "free", "battery": 100},
    {"id": "M12", "type": "mover", "state": "free", "battery": 100},
    {"id": "M13", "type": "mover", "state": "free", "battery": 100},
    {"id": "M14", "type": "mover", "state": "free", "battery": 100},
    {"id": "M15", "type": "mover", "state": "free", "battery": 100},
    {"id": "U1", "type": "unloader", "state": "low-battery", "battery": 19},
    {"id": "U2", "type": "unloader", "state": "low-battery", "battery": 18},
    {"id": "U3", "type": "unloader", "state": "low-battery", "battery": 19},
    {"id": "U4", "type": "unloader", "state": "free", "battery": 42},
    {"id": "U5", "type": "unloader", "state": "free", "battery": 51},
    {"id": "U6", "type": "unloader", "state": "in-progress", "battery": 57},
    {"id": "U7", "type": "unloader", "state": "in-progress", "battery": 57},
    {"id": "U8", "type": "unloader", "state": "in-progress", "battery": 60},
    {"id": "U9", "type": "unloader", "state": "free", "battery": 57},
    {"id": "U10", "type": "unloader", "state": "free", "battery": 67}
  ]
}